Date,SB,Attendance,QBWinner,CoachWinner,Winner,HOFWinnerCount,WinningPts,QBLoser,CoachLoser,Loser,HOFLoserCount,LosingPts,MVP,PositionMVP,Stadium,City,State,PointDifference,Referee,Umpire,HeadLinesman,LineJudge,FieldJudge,BackJudge,SideJudge,RecordWinner_win,RecordWinner_lose,RecordWinner_tie,RecordLoser_win,RecordLoser_lose,RecordLoser_tie,NationalAnthem_Length_Seconds,Distance_Winner,Distance_Loser,Coin_Toss,Wind,Kick_off_temp,Elevation,Stadium_Type,Longitude,Latitude
15-Jan-67,I,61946,Bart Starr,Vince Lombardi,Green Bay Packers,10,35,Len Dawson,Hank Stram,Kansas City Chiefs,8,10,Bart Starr,QB,Memorial Coliseum,Los Angeles,California,25,,,,,,,,12,2,0,11,2,1,76,"2,119","1,629",1,5.75,72,305,Outdoor,-34.0522,118.2437
14-Jan-68,II,75546,Bart Starr,Vince Lombardi,Green Bay Packers,8,33,Daryle Lamonica,John Rauch,Oakland Raiders,7,14,Bart Starr,QB,Orange Bowl,Miami,Florida,19,,,,,,,,9,4,1,13,1,0,N/A,"1,585","3,103",0,10.7,68,6.5,Outdoor,-25.7617,80.1918
12-Jan-69,III,75389,Joe Namath,Weeb Ewbank,New York Jets,2,16,"Earl Morrall, Johnny Unitas",Don Shula,Baltimore Colts,3,7,Joe Namath,QB,Orange Bowl,Miami,Florida,9,,,,,,,,11,3,0,13,1,0,87,"1,326","1,092",1,10.7,73,6.5,Outdoor,-25.7617,80.1918
11-Jan-70,IV,80562,"Len Dawson, Mike Livingston",Hank Stram,Kansas City Chiefs,7,23,Joe Kapp,Bud Grant,Minnesota Vikings,5,7,Len Dawson,QB,Tulane Stadium,New Orleans,Louisiana,16,,,,,,,,11,3,0,12,2,0,86,843,"1,307",0,7.83,61,20,Outdoor,-29.9511,90.0715
17-Jan-71,V,79204,"Earl Morrall , Johnny Unitas",Don McCafferty,Baltimore Colts,3,16,Craig Morton,Tom Landry,Dallas Cowboys,5,13,Chuck Howley,LB,Orange Bowl,Miami,Florida,3,Norm Schachter,Paul Trepinski,Ed Marion,Jack Fette,Fritz Graf,Hugh Gamber,,11,2,1,10,4,0,73,"1,092","1,316",0,9.55,70,6.5,Outdoor,-25.7617,80.1918
16-Jan-72,VI,81023,Roger Staubach,Tom Landry,Dallas Cowboys,9,24,Bob Griese,Don Shula,Miami Dolphins,5,3,Roger Staubach,QB,Tulane Stadium,New Orleans,Louisiana,21,Jim Tunney,Joe Connell,Al Sabato,Art Holst,Bob Wortman,Ralph Vandenberg,,11,3,0,10,3,1,70,493,867,0,11.97,39,20,Outdoor,-29.9511,90.0715
14-Jan-73,VII,90182,Bob Griese,Don Shula,Miami Dolphins,6,14,Bill Kilmer,George Allen,Washington Redskins,3,7,Jake Scott,S,Memorial Coliseum,Los Angeles,California,7,Tom Bell,Lou Palazzi,Tony Veteri,Bruce Alford,Tony Skover,Tom Kelleher,,14,0,0,11,3,0,72,"2,739","2,694",1,6.1,84,305,Outdoor,-34.0522,118.2437
13-Jan-74,VIII,71882,Bob Griese,Don Shula,Miami Dolphins,6,24,Fran Tarkenton,Bud Grant,Minnesota Vikings,7,7,Larry Csonka,RB,Rice Stadium,Houston,Texas,17,Ben Dreith,Ralph Morcroft,Leo Miles,Jack Fette,Fritz Graf,Stan Javie,,12,2,0,12,2,0,74,"1,191","1,345",1,8.06,50,105,Outdoor,-29.7604,95.3698
12-Jan-75,IX,80997,Terry Bradshaw,Chuck Noll,Pittsburgh Steelers,9,16,Fran Tarkenton,Bud Grant,Minnesota Vikings,6,6,Franco Harris,RB,Tulane Stadium,New Orleans,Louisiana,10,Bernie Ulman,Al Conway,Ed Marion,Bruce Alford,Dick Dolack,Ray Douglas,,10,3,1,10,4,0,82,"1,098","1,221",1,12.54,46,20,Outdoor,-29.9511,90.0715
18-Jan-76,X,80187,Terry Bradshaw,Chuck Noll,Pittsburgh Steelers,9,21,Roger Staubach,Tom Landry,Dallas Cowboys,10,17,Lynn Swann,WR,Orange Bowl,Miami,Florida,4,Norm Schachter,Joe Connell,Leo Miles,Jack Fette,Bill O'Brien,Stan Javie,,12,2,0,10,4,0,114,"1,178","1,317",0,15.56,57,6.5,Outdoor,-25.7617,80.1918
9-Jan-77,XI,103438,Kenny Stabler,John Madden,Oakland Raiders,7,32,Fran Tarkenton,Bud Grant,Minnesota Vikings,6,14,Fred Biletnikoff,WR,Rose Bowl,Pasadena,California,18,Jim Tunney,Lou Palazzi,Ed Marion,Bill Swanson,Armen Terzian,Tom Kelleher,,13,1,0,11,2,1,N/A,372,"1,880",1,4.49,58,863,Outdoor,-34.1478,118.1445
15-Jan-78,XII,76400,Roger Staubach,Tom Landry,Dallas Cowboys,7,27,Craig Morton,Red Miller,Denver Broncos,0,10,"Harvey Martin, Randy White",DE/DT,Superdome,New Orleans,Louisiana,17,Jim Tunney,Joe Connell,Tony Veteri,Art Holst,Bob Wortman,Ray Douglas,,12,2,0,12,2,0,88,493,"1,285",1,,70,20,Indoor,-29.9511,90.0715
21-Jan-79,XIII,79484,Terry Bradshaw,Chuck Noll,Pittsburgh Steelers,9,35,Roger Staubach,Tom Landry,Dallas Cowboys,7,31,Terry Bradshaw,QB,Orange Bowl,Miami,Florida,4,Pat Haggerty,Art Demmas,Jerry Bergman,Jack Fette,Fred Swearingen,Pat Knight,Dean Look,14,2,0,12,4,0,79,"1,178","1,317",0,16.92,71,6.5,Outdoor,-25.7617,80.1918
20-Jan-80,XIV,103985,Terry Bradshaw,Chuck Noll,Pittsburgh Steelers,9,31,Vince Ferragamo,Ray Malavasi,Los Angeles Rams,2,19,Terry Bradshaw,QB,Rose Bowl,Pasadena,California,12,Fred Silva,Al Conway,Burl Toler,Bob Beeks,Charley Musser,Stan Javie,Ben Tompkins,12,4,0,9,7,0,88,"2,420",14,0,6.9,67,863,Outdoor,-34.1478,118.1445
25-Jan-81,XV,76135,Jim Plunkett,Tom Flores,Oakland Raiders,4,27,Ron Jaworski,Dick Vermeil,Philadelphia Eagles,2,10,Jim Plunkett,QB,Louisiana Superdome,New Orleans,Louisiana,17,Ben Dreith,Frank Sinkovitz,Tony Veteri,Tom Dooley,Fritz Graf,Tom Kelleher,Dean Look,11,5,0,12,4,0,88,"2,213","1,223",0,,72,20,Indoor,-29.9511,90.0715
24-Jan-82,XVI,81270,Joe Montana,Bill Walsh,San Francisco 49ers,3,26,Ken Anderson,Forrest Gregg,Cincinnati Bengals,1,21,Joe Montana,QB,Pontiac Silverdome,Pontiac,Michigan,5,Pat Haggerty,Al Conway,Jerry Bergman,Bob Beeks,Don Hakes,Bill Swanson,Bob Rice,13,3,0,12,4,0,98,"2,399",291,1,,72,922,Indoor,-42.6389,83.291
30-Jan-83,XVII,103667,Joe Theismann,Joe Gibbs,Washington Redskins,3,27,David Woodley,Don Shula,Miami Dolphins,1,17,John Riggins,RB,Rose Bowl,Pasadena,California,10,Jerry Markbreit,Art Demmas,Dale Hamer,Bill Reynolds,Don Orr,Dick Hantak,Dave Parry,8,1,0,7,2,0,88,"2,652","2,732",0,3.57,61,863,Outdoor,-34.1478,118.1445
22-Jan-84,XVIII,72920,Jim Plunkett,Tom Flores,Los Angeles Raiders,5,38,Joe Theismann,Joe Gibbs,Washington Redskins,4,9,Marcus Allen,RB,Tampa Stadium,Tampa,Florida,29,Gene Barth,Gordon Wells,Jerry Bergman,Bob Beeks,Fritz Graf,Gil Mace,Ben Tompkins,12,4,0,14,2,0,95,"2,542",920,1,15.08,68,48,Outdoor,-27.9506,82.4572
20-Jan-85,XIX,84059,Joe Montano,Bill Walsh,San Francisco 49ers,3,38,Dan Marino,Don Shula,Miami Dolphins,2,16,Joe Montana,QB,Stanford Stadium,Palo Alto,California,22,Pat Haggerty,Tom Hensley,Leo Miles,Ray Dodez,Bob Lewis,Tom Kelleher,Bill Quinby,15,1,0,14,2,0,81,34,"3,105",1,1.04,53,30,Outdoor,-37.4419,122.143
26-Jan-86,XX,73818,Jim McMahon,Mike Ditka,Chicago Bears,4,46,"Tony Eason, Steve Grogan",Raymond Berry,New England Patriots,2,10,Richard Dent,DE,Louisiana Superdome,New Orleans,Louisiana,36,Red Cashion,Ron Botchan,Dale Williams,Bama Glass,Jack Vaughan,Al Jury,Bob Rice,15,1,0,11,5,0,80,926,"1,524",1,,70,20,Indoor,-29.9511,90.0715
25-Jan-87,XXI,101063,Phil Simms,Bill Parcells,New York Giants,2,39,John Elway,Dan Reeves,Denver Broncos,1,20,Phil Simms,QB,Rose Bowl,Pasadena,California,19,Jerry Markbreit,Bob Boylston,Terry Gierke,Bob Beeks,Pat Mallette,Jim Poole,Gil Mace,14,2,0,11,5,0,62,"2,767","1,010",0,1.04,76,863,Outdoor,-34.1478,118.1445
31-Jan-88,XXII,73302,Doug Williams,Joe Gibbs,Washington Redskins,3,42,John Elway,Dan Reeves,Denver Broncos,1,10,Doug Williams,QB,Jack Murphy Stadium,San Diego,California,32,Bob McElwee,Al Conway,Dale Hamer,Jack Fette,Johnny Grier,Al Jury,Don Wedge,11,4,0,10,4,1,93,"2,629","1,073",1,5.52,61,62,Outdoor,-32.7157,117.1611
22-Jan-89,XXIII,75129,Joe Montana,Bill Walsh,San Francisco 49ers,5,20,Boomer Esiason,Sam Wyche,Cincinnati Bengals,1,16,Jerry Rice,WR,Joe Robbie Stadium,Miami Gardens,Florida,4,Jerry Seeman,Gordon Wells,Jerry Bergman,Bob Beeks,Bobby Skelton,Paul Baetz,Gary Lane,10,6,0,12,4,0,85,"3,100","1,109",1,12.84,76,7,Outdoor,-25.7617,80.1918
28-Jan-90,XXIV,72919,Joe Montana,George Seifert,San Francisco 49ers,5,55,John Elway,Dan Reeves,Denver Broncos,2,10,Joe Montana,QB,Louisiana Superdome,New Orleans,Louisiana,45,Dick Jorgensen,Hendi Ancich,Earnie Frantz,Ron Blum,Don Orr,Al Jury,Gerald Austin,14,2,0,11,5,0,96,"2,224","1,285",0,,72,20,Indoor,-29.9511,90.0715
27-Jan-91,XXV,73813,Jeff Hostetler,Bill Parcells,New York Giants,1,20,Jim Kelly,Marv Levy,Buffalo Bills,5,19,Ottis Anderson,RB,Tampa Stadium,Tampa,Florida,1,Jerry Seeman,Art Demmas,Sid Semon,Dick McKenzie,Jack Vaughan,Banks Williams,Larry Nemmers,13,3,0,13,3,0,116,"1,127","1,267",1,7.94,71,48,Outdoor,-27.9506,82.4572
26-Jan-92,XXVI,63130,Mark Rypien,Joe Gibbs,Washington Redskins,3,37,Jim Kelly,Marv Levy,Buffalo Bills,5,24,Mark Rypien,QB,Metrodome,Minneapolis,Minnesota,13,Jerry Markbreit,Bob Boylston,Dale Williams,Ron Blum,Ed Merrifield,Paul Baetz,Dick Creed,14,2,0,13,3,0,126,"1,091","1,007",1,,73,830,Indoor,-44.9778,93.265
31-Jan-93,XXVII,98374,Troy Aikman,Jimmy Johnson,Dallas Cowboys,4,52,"Jim Kelly, Frank Reich",Marv Levy,Buffalo Bills,5,17,Troy Aikman,QB,Rose Bowl,Pasadena,California,35,Dick Hantak,Ron Botchan,Ron Phares,Dick McKenzie,Donnie Hampton,Jim Poole,Dean Look,13,3,0,11,5,0,105,"1,439","2,525",0,7.13,61,863,Outdoor,-34.1478,118.1445
30-Jan-94,XXVIII,72817,Troy Aikman,Jimmy Johnson,Dallas Cowboys,4,30,Jim Kelly,Marv Levy,Buffalo Bills,4,13,Emmitt Smith,RB,Georgia Dome,Atlanta,Georgia,17,Bob McElwee,Art Demmas,Sid Semon,Tom Barnes,Don Orr,Al Jury,Nate Jones,12,4,0,12,4,0,153,724,693,1,,72,1050,Indoor,-33.749,84.388
29-Jan-95,XXIX,74107,Steve Young,George Seifert,San Francisco 49ers,5,49,Stan Humphreys,Bobby Ross,San Diego Chargers,1,26,Steve Young,QB,Joe Robbie Stadium,Miami Gardens,Florida,23,Jerry Markbreit,Ron Botchan,Ron Phares,Ron Baynes,Jack Vaughan,Tim Millis,Tom Fincken,13,3,0,11,5,0,100,2579,2258,1,4.49,76,7,Outdoor,-25.7617,80.1918
28-Jan-96,XXX,76347,Troy Aikman,Barry Switzer,Dallas Cowboys,6,27,Neil O'Donnell,Bill Cowher,Pittsburgh Steelers,3,17,Larry Brown,CB,Sun Devil Stadium,Tempe,Arizona,10,Red Cashion,John Keck,Paul Weidner,Dale Orem,Don Hakes,Dick Creed,Bill Carollo,12,4,0,11,5,0,95,860,1817,1,3.8,68,1181,Outdoor,-33.4255,111.94
26-Jan-97,XXXI,72301,Brett Favre,Mike Holmgren,Green Bay Packers,1,35,Drew Bledsoe,Bill Parcells,New England Patriots,2,21,Desmond Howard,KR,Louisiana Superdome,New Orleans,Louisiana,14,Gerald Austin,Ron Botchan,Earnie Frantz,Jeff Bergman,Phil Luckett,Scott Steenson,Tom Fincken,13,3,0,11,5,0,113,1011,1339,0,11.28,67,20,Outdoor,-29.9511,90.0715
25-Jan-98,XXXII,68912,John Elway,Mike Shanahan,Denver Broncos,3,31,Brett Favre,Mike Holmgren,Green Bay Packers,2,24,Terrell Davis,RB,Qualcomm Stadium,San Diego,California,7,Ed Hochuli,Jim Quirk,John Schleyer,Ben Montgomery,Don Dorkowski,Paul Baetz,Doug Toole,12,4,0,13,3,0,87,827,1752,0,4.6,67,62,Outdoor,-32.7157,117.1611
31-Jan-99,XXXIII,74803,John Elway,Mike Shanahan,Denver Broncos,2,34,Chris Chandler,Dan Reeves,Atlanta Falcons,1,19,John Elway,QB,Pro Player Stadium,Miami Gardens,Florida,15,Bernie Kukar,Jim Daopoulos,Sanford Rivers,Ron Baynes,Tim Millis,Don Hakes,Gary Lane,14,2,0,14,2,0,115,1716,594,0,9.78,73,7,Outdoor,-25.7617,80.1918
30-Jan-00,XXXIV,72625,Kurt Warner,Dick Vermeil,St. Louis Rams,1,23,Steve McNair,Jeff Fisher,Tennessee Titans,1,16,Kurt Warner,QB,Georgia Dome,Atlanta,Georgia,7,Bob McElwee,Ron Botchan,Earnie Frantz,Byron Boston,Al Jury,Bill Leavy,Tom Fincken,13,3,0,13,3,0,121,466,214,1,,72,1050,Indoor,-33.749,84.388
28-Jan-01,XXXV,71921,Trent Dilfer,Brian Billick,Baltimore Ravens,3,34,Kerry Collins,Jim Fassel,New York Giants,1,7,Ray Lewis,LB,Raymond James Stadium,Tampa,Florida,27,Gerald Austin,Chad Brown,"Tony Veteri, Jr.",Walt Anderson,Bill Lovett,Bill Schmitz,Doug Toole,12,4,0,12,4,0,110,851,1008,0,3.57,65,48,Outdoor,-27.9506,82.4572
3-Feb-02,XXXVI,72922,Tom Brady,Bill Belichick,New England Patriots,0,20,Kurt Warner,Mike Martz,St. Louis Rams,5,17,Tom Brady,QB,Louisiana Superdome,New Orleans,Louisiana,3,Bernie Kukar,Jeff Rice,Mark Hittner,Ron Phares,Pete Morelli,Scott Green,Laird Hayes,11,5,0,14,2,0,116,1339,600,0,,72,20,Indoor,-29.9511,90.0715
26-Jan-03,XXXVII,67603,Brad Johnson,Jon Gruden,Tampa Bay Buccaneers,3,48,Rich Gannon,Bill Callahan,Oakland Raiders,5,21,Dexter Jackson,S,Qualcomm Stadium,San Diego,California,27,Bill Carollo,Ed Coukart,Dale Williams,Mark Steinkerchner,Tom Sifferman,Don Carey,Rick Patterson,12,4,0,11,5,0,96,2081,447,1,2.88,81,62,Outdoor,-32.7157,117.1611
1-Feb-04,XXXVIII,71525,Tom Brady,Bill Belichick,New England Patriots,0,32,Jake Delhomme,John Fox,Carolina Panthers,0,29,Tom Brady,QB,Reliant Stadium,Houston,Texas,3,Ed Hochuli,Jeff Rice,Mark Hittner,Ben Montgomery,Tom Sifferman,Scott Green,Laird Hayes,14,2,0,11,5,0,128,1592,930,0,8.4,59,105,Outdoor,-29.7604,95.3698
6-Feb-05,XXXIX,78125,Tom Brady,Bill Belichick,New England Patriots,0,24,Donovan McNabb,Andy Reid,Philadelphia Eagles,2,21,Deion Branch,WR,Alltel Stadium,Jacksonville,Florida,3,Terry McAulay,Carl Paganelli,Gary Slaughter,Mark Steinkerchner,Tom Sifferman,Tony Steratore,Rick Patterson,14,2,0,13,3,0,112,996,775,0,10.93,59,16,Outdoor,-30.3322,81.6557
5-Feb-06,XL,68206,Ben Roethlisberger,Bill Cowher,Pittsburgh Steelers,1,21,Matt Hasselbeck,Mike Holmgren,Seattle Seahawks,2,10,Hines Ward,WR,Ford Field,Detroit,Michigan,11,Bill Leavy,Garth DeFelice,Mark Hittner,Mark Perlman,Steve Zimmer,Bob Waggoner,Tom Hill,11,5,0,13,3,0,128,204,1933,0,,68,656,Indoor,-42.3314,83.0458
4-Feb-07,XLI,74512,Peyton Manning,Tony Dungy,Indianapolis Colts,1,29,Rex Grossman,Lovie Smith,Chicago Bears,1,17,Peyton Manning,QB,Dolphin Stadium,Miami Gardens,Florida,12,Tony Corrente,Carl Paganelli,George Hayward,Ron Marinucci,Jim Saracino,Perry Paganelli,John Parry,12,4,0,13,3,0,90,1013,1176,0,6.1,67,7,Outdoor,-25.7617,80.1918
3-Feb-08,XLII,71101,Eli Manning,Tom Coughlin,New York Giants,1,17,Tom Brady,Bill Belichick,New England Patriots,2,14,Eli Manning,QB,University of Phoenix Stadium,Glendale,Arizona,3,Mike Carey[3],Tony Michalek,Gary Slaughter,Carl Johnson,Boris Cheek,Scott Helverson,Larry Rose,10,6,0,16,0,0,114,2145,2291,1,,70,522,Indoor,-33.5387,112.186
1-Feb-09,XLIII,70774,Ben Roethlisberger,Mike Tomlin,Pittsburgh Steelers,0,27,Kurt Warner,Ken Whisenhunt,Arizona Cardinals,2,23,Santonio Holmes,WR,Raymond James Stadium,Tampa,Florida,4,Terry McAulay,Roy Ellison,Derrick Bowers,Mark Perlman,Greg Gautreaux,Keith Ferguson,Michael Banks,12,4,0,9,7,0,130,873,1802,0,2.19,66,48,Outdoor,-27.9506,82.4572
7-Feb-10,XLIV,74059,Drew Brees,Sean Payton,New Orleans Saints,0,31,Peyton Manning,Jim Caldwell,Indianapolis Colts,1,17,Drew Brees,QB,Sun Life Stadium,Miami Gardens,Florida,14,Scott Green[4],Undrey Wash,John McGrath,Jeff Seeman,Rob Vernatchi,Greg Steed,Greg Meyer,13,3,0,14,2,0,107,661,1013,1,7.6,60,7,Outdoor,-25.7617,80.1918
6-Feb-11,XLV,103219,Aaron Rodgers,Mike McCarthy,Green Bay Packers,0,31,Ben Roethlisberger,Mike Tomlin,Pittsburgh Steelers,1,25,Aaron Rodgers,QB,Cowboys Stadium,Arlington,Texas,6,Walt Anderson[5],Chad Brown,Kent Payne,John Hussey,Doug Rosenbaum,Scott Helverson,Mike Weatherford,10,6,0,12,4,0,114,946,1084,1,5.52,52,604,Outdoor,-32.7357,97.1081
5-Feb-12,XLVI,68658,Eli Manning,Tom Coughlin,New York Giants,0,21,Tom Brady,Bill Belichick,New England Patriots,0,17,Eli Manning,QB,Lucas Oil Stadium,Indianapolis,Indiana,4,John Parry,Carl Paganelli,Tom Stabile,Gary Arthur,Gary Cavaletto,Tony Steratore,Laird Hayes,9,7,0,13,3,0,94,640,793,0,7.48,44,715,Outdoor,-39.7684,86.1581
3-Feb-13,XLVII,71024,Joe Flacco,John Harbaugh,Baltimore Ravens,2,34,Colin Kaepernick,Jim Harbaugh,San Francisco 49ers,1,31,Joe Flacco,QB,Mercedes-Benz Superdome,New Orleans,Louisiana,3,Jerome Boger,Darrell Jenkins,Steve Stelljes,Byron Boston,Craig Wrolstad,Dino Paganelli,Joe Larrew,10,6,0,11,4,1,155,999,1894,1,7.6,71,20,Outdoor,-29.9511,90.0715
2-Feb-14,XLVIII,82529,Russell Wilson,Pete Carroll,Seattle Seahawks,0,43,Peyton Manning,John Fox,Denver Broncos,2,8,Malcolm Smith,LB,MetLife Stadium,East Rutherford,New Jersey,35,Terry McAulay,Carl Paganelli,Jim Mello,Tom Symonette,Scott Steenson,Steve Freeman,Dave Wyant,13,3,0,13,3,0,114,2396,1625,1,1.61,49,3,Outdoor,-40.834,74.0971
1-Feb-15,XLIX,70288,Tom Brady,Bill Belichick,New England Patriots,0,28,Russell Wilson,Pete Carroll,Seattle Seahawks,0,24,Tom Brady,QB,University of Phoenix Stadium,Glendale,Arizona,4,Bill Vinovich,Bill Schuster,Dana McKenzie,Mark Perlman,Bob Waggoner,Terrence Miles,Tom Hill,12,4,0,12,4,0,124,2292,1104,0,2.19,66,1152,Outdoor,-33.5387,112.186
7-Feb-16,L,71088,Peyton Manning,Gary Kubiak,Denver Broncos,0,24,Cam Newton,Ron Rivera,Carolina Panthers,0,10,Von Miller,LB,Levi's Stadium,Santa Clara,California,14,Clete Blakeman,Jeff Rice,Wayne Mackie,Rusty Baynes,Boris Cheek,Keith Ferguson,Scott Edwards,12,4,0,15,1,0,129,928,2276,0,5.41,76,72,Outdoor,-37.3541,121.9552
5-Feb-17,LI,70807,Tom Brady,Bill Belichick,New England Patriots,,34,Matt Ryan,Dan Quinn,Atlanta Falcons,,28,Tom Brady,QB,NRG Stadium,Houston,Texas,6,Carl Cheffers,Dan Ferrell,Kent Payne,Jeff Seeman,Doug Rosenbaum,Todd Prukop,Dyrol Prioleau,14,2,0,11,5,0,124,1592,705,0,10.47,76,105,Outdoor,-29.7604,95.3698
4-Feb-18,LII,67612,Nick Foles,Doug Pederson,Philadelphia Eagles,,41,Tom Brady,Bill Belichick,New England Patriots,,33,Nick Foles,QB,U.S. Bank Stadium,Minneapolis,Minnesota,8,Gene Steratore,Roy Ellison,Jerry Bergman,Byron Boston,Tom Hill,Perry Paganelli,Scott Edwards,13,3,0,13,3,0,112,985,1116,0,,70,830,Indoor,-44.9778,93.265
3-Feb-19,LIII,70081,Tom Brady,Bill Belichick,New England Patriots,,13,Jared Goff,Sean McVay,Los Angeles Rams,,3,Julian Edelman,WR,Mercedes-Benz Stadium,Atlanta,Georgia,10,John Parry,Fred Byran,Ed Camp,Jeff Bergman,Steve Zimmer,Eugene Hall,Terrence Miles,11,5,0,13,3,0,121,917,1934,0,4.83,64,1050,Outdoor,-33.749,84.388
2-Feb-20,LIV,62417,Patrick Mahomes,Andy Reid,Kansas City Chiefs,,31,Jimmy Garoppolo,Kyle Shanahan,San Francisco 49ers,,20,Patrick Mahomes,QB,Hard Rock Stadium,Miami,Florida,11,Bill Vinovich,Barry Anderson,Kent Payne,Carl Johnson,Michael Banks,Boris Cheek,Greg Steed,12,4,0,13,3,0,131,1225,2540,0,4.6,64,7,Outdoor,-25.7617,80.1918
7-Feb-21,LV,24835,Tom Brady,Bruce Arians,Tampa Bay Buccaneers,,31,Patrick Mahomes,Andy Reid,Kansas City Chiefs,,9,Tom Brady,QB,Raymond James Stadium,Tampa,Florida,22,Carl Cheffers,Fred Bryan,Sarah Thomas,Rusty Baynes,James Coleman,Eugene Hall,Dino Paganelli,11,5,0,14,2,0,136,0,1030,0,8.29,63,48,Outdoor,-27.9506,82.4572
